﻿<?xml version="1.0" encoding="utf-8"?><meta xmlns:xsi="http://www.w3.org/2001/XMLSchema-instance" xmlns:xsd="http://www.w3.org/2001/XMLSchema"><project id="6ZZsvW8mo1c" courseid="5lXlDDH8JHw_course_id" thumburl="story_content/thumbnail.jpg" title="Rooms Division 6.1.1" datepublished="2017-08-14T21:04:28" version="1.0.0.0" flashdata="story_content/data.swf" html5data="mobile/data.json" mobiledata="mobile/data.gz" enabledownload="false" duration="About 35 seconds" totalaudio="0" totalvideo="0"><description>Practice Activity for Module
Keywords: Rooms Divison</description><keywords>Rooms Division</keywords><slidemeta moniker="slide" monikerplural="slides" viewslides="7" slidecountdescription="7 slides" /><author name="Miami Dade College" email="mdcinfo@mdc.edu" website="http://www.mdc.edu/" /><application name="Articulate Storyline" version="3.7.12674.0" xmlversion="4.0" /></project></meta>