<?xml version="1.0" encoding="utf-8"?>
<manifest identifier="_5ZsawxO5Jy9_course_id" version="1.0" xmlns="http://www.imsproject.org/xsd/imscp_rootv1p1p2" xmlns:adlcp="http://www.adlnet.org/xsd/adlcp_rootv1p2" xmlns:xsi="http://www.w3.org/2001/XMLSchema-instance" xsi:schemaLocation="http://www.imsproject.org/xsd/imscp_rootv1p1p2 imscp_rootv1p1p2.xsd http://www.imsglobal.org/xsd/imsmd_rootv1p2p1 imsmd_rootv1p2p1.xsd http://www.adlnet.org/xsd/adlcp_rootv1p2 adlcp_rootv1p2.xsd">
	<metadata>
		<schema>ADL SCORM</schema>
		<schemaversion>1.2</schemaversion>
		<lom xmlns="http://www.imsglobal.org/xsd/imsmd_rootv1p2p1" xmlns:xsi="http://www.w3.org/2001/XMLSchema-instance" xsi:schemaLocation="http://www.imsglobal.org/xsd/imsmd_rootv1p2p1 imsmd_rootv1p2p1.xsd">
			<general>
				<title>
					<langstring xml:lang="x-none">Hotel Industry Terms to Know</langstring>
				</title>
				<description>
					<langstring xml:lang="x-none">Practice Activity for Module
Keywords: Rooms Division</langstring>
				</description>
				<keyword>
				  	<langstring xml:lang="x-none">Rooms Division</langstring>
        			</keyword>
			</general>
			<lifecycle>
				<version>
					<langstring xml:lang="x-none">1</langstring>
				</version>
				<status>
					<source>
						<langstring xml:lang="x-none">LOMv1.0</langstring>
					</source>
					<value>
						<langstring xml:lang="x-none">Final</langstring>
					</value>
				</status>
			</lifecycle>
			<metametadata>
				<metadatascheme>ADL SCORM 1.2</metadatascheme>
			</metametadata>
			<educational>
				<typicallearningtime>
					<datetime>PT0H0M0S</datetime>
				</typicallearningtime>
			</educational>
			<rights>
				<cost>
					<source>
						<langstring xml:lang="x-none">LOMv1.0</langstring>
					</source>
					<value>
						<langstring xml:lang="x-none">yes</langstring>
					</value>
				</cost>
				<copyrightandotherrestrictions>
					<source>
						<langstring xml:lang="x-none">LOMv1.0</langstring>
					</source>
					<value>
						<langstring xml:lang="x-none">yes</langstring>
					</value>
				</copyrightandotherrestrictions>
			</rights>
		</lom>
	</metadata>
	<organizations default="Hotel_Industry_Terms_to_Know_ORG">
		<organization identifier="Hotel_Industry_Terms_to_Know_ORG">
			<title>Hotel Industry Terms to Know</title>
			<item identifier="Rooms_Division__SCO" isvisible="true" identifierref="__5ZsawxO5Jy9_course_id_RES">
				<title>Hotel Industry Terms to Know</title>
				<adlcp:masteryscore>80</adlcp:masteryscore>
			</item>
		</organization>
	</organizations>
	<resources>
	    <resource identifier="__5ZsawxO5Jy9_course_id_RES" type="webcontent" href="index_lms.html" adlcp:scormtype="sco">
		<file href="story_content/thumbnail.jpg"/>
<file href="story_content/5sOi15PheUl_X_80_P_199_37_298_707_DX1236_DY1236.swf"/>
<file href="mobile/5sOi15PheUl_X_80_P_199_37_298_707_DX1236_DY1236_CX299_CY707.png"/>
<file href="story_content/Shape5ZB3bLoXIQD.swf"/>
<file href="story_content/6T8P98gcXdA_80_DX990_DY990.swf"/>
<file href="mobile/6T8P98gcXdA_80_DX990_DY990_CX327_CY742.png"/>
<file href="story_content/5sOi15PheUl_X_80_B1_C7_P_199_37_265_707_DX1236_DY1236.swf"/>
<file href="mobile/5sOi15PheUl_X_80_B1_C7_P_199_37_265_707_DX1236_DY1236_CX266_CY707.png"/>
<file href="story_content/63bH6Z3LgmE_X_80_P_0_0_646_1414_DX940_DY940.swf"/>
<file href="mobile/63bH6Z3LgmE_X_80_P_0_0_646_1414_DX940_DY940_CX222_CY486.png"/>
<file href="story_content/report.html"/>
<file href="story_content/6dgbVSgcXrU_80_DX1190_DY1190.swf"/>
<file href="mobile/6dgbVSgcXrU_80_DX1190_DY1190_CX400_CY890.png"/>
<file href="story_content/6gNBUjylo4r_80_DX1132_DY1132.swf"/>
<file href="mobile/6gNBUjylo4r_80_DX1132_DY1132_CX343_CY847.png"/>
<file href="meta.xml"/>
<file href="story_content/FontFactory.swf"/>
<file href="story_content/fonts.swf"/>
<file href="story_content/frame.xml"/>
<file href="story_content/frame.json"/>
<file href="story_content/user.js"/>
<file href="mobile/Shape5ZB3bLoXIQD.png"/>
<file href="story.swf"/>
<file href="story_content/frame.swf"/>
<file href="story_content/slides/65NyLtZGDfz.swf"/>
<file href="story_content/slides/6qqNEjfAcmW.swf"/>
<file href="story_content/slides/6MsPzFbBN4W.swf"/>
<file href="story_content/slides/6FwAJJ2l32K.swf"/>
<file href="story_content/slides/6HwJonRtohL.swf"/>
<file href="story_content/slides/5Y0igXNaE5s.swf"/>
<file href="story_content/slides/6ltnvY3t88y.swf"/>
<file href="story_content/slides/6KKkng6yveW.swf"/>
<file href="story_content/slides/6TrkkOIF16x.swf"/>
<file href="story_content/slides/6fHo1LB4xXz.swf"/>
<file href="story_content/slides/6mWT27Rrzgv.swf"/>
<file href="story_content/slides/5eR5Hke8z8b.swf"/>
<file href="story_content/slides/604gSh0nIll.swf"/>
<file href="story_content/slides/6WNrRg8sYtv.swf"/>
<file href="story_content/slides/5t1R6x23RuI.swf"/>
<file href="story_content/slides/6qvAs0Zu2K1.swf"/>
<file href="story_content/slides/5VX857DftrL.swf"/>
<file href="story_content/slides/5jT6tFTnCaP.swf"/>
<file href="story_content/slides/6G0yYfEnZne.swf"/>
<file href="story_content/slides/686vmPpWkAQ.swf"/>
<file href="story_content/slides/6SdwtnKqRNT.swf"/>
<file href="story_content/slides/6lFGit30fZi.swf"/>
<file href="story_content/data.swf"/>
<file href="html5/data/css/output.min.css"/>
<file href="html5/data/js/5eR5Hke8z8b.js"/>
<file href="html5/data/js/5jT6tFTnCaP.js"/>
<file href="html5/data/js/5t1R6x23RuI.js"/>
<file href="html5/data/js/5VX857DftrL.js"/>
<file href="html5/data/js/5Y0igXNaE5s.js"/>
<file href="html5/data/js/604gSh0nIll.js"/>
<file href="html5/data/js/65NyLtZGDfz.js"/>
<file href="html5/data/js/686vmPpWkAQ.js"/>
<file href="html5/data/js/6fHo1LB4xXz.js"/>
<file href="html5/data/js/6FwAJJ2l32K.js"/>
<file href="html5/data/js/6G0yYfEnZne.js"/>
<file href="html5/data/js/6HwJonRtohL.js"/>
<file href="html5/data/js/6KKkng6yveW.js"/>
<file href="html5/data/js/6lFGit30fZi.js"/>
<file href="html5/data/js/6ltnvY3t88y.js"/>
<file href="html5/data/js/6MsPzFbBN4W.js"/>
<file href="html5/data/js/6mWT27Rrzgv.js"/>
<file href="html5/data/js/6qqNEjfAcmW.js"/>
<file href="html5/data/js/6qvAs0Zu2K1.js"/>
<file href="html5/data/js/6SdwtnKqRNT.js"/>
<file href="html5/data/js/6TrkkOIF16x.js"/>
<file href="html5/data/js/6WNrRg8sYtv.js"/>
<file href="html5/data/js/data.js"/>
<file href="html5/data/js/frame.js"/>
<file href="html5/data/js/paths.js"/>
<file href="html5/lib/scripts/app.min.js"/>
<file href="html5/lib/stylesheets/main.min.css"/>
<file href="html5/lib/stylesheets/mobile-fonts/open-sans-bold.woff"/>
<file href="html5/lib/stylesheets/mobile-fonts/open-sans-light.woff"/>
<file href="html5/lib/stylesheets/mobile-fonts/open-sans-regular.woff"/>
<file href="story.html"/>
<file href="story_flash.html"/>
<file href="story_html5.html"/>
<file href="story_content/blank.html"/>
<file href="story_content/story.js"/>
<file href="index_lms.html"/>
<file href="index_lms_html5.html"/>
<file href="index_lms_flash.html"/>
<file href="lms/AICCComm.html"/>
<file href="lms/AICCFunctions.js"/>
<file href="lms/API.js"/>
<file href="lms/APIConstants.js"/>
<file href="lms/blank.html"/>
<file href="lms/browsersniff.js"/>
<file href="lms/Configuration.js"/>
<file href="lms/goodbye.html"/>
<file href="lms/lms.js"/>
<file href="lms/LMSAPI.js"/>
<file href="lms/NONEFunctions.js"/>
<file href="lms/SCORM2004Functions.js"/>
<file href="lms/SCORMFunctions.js"/>
<file href="lms/UtilityFunctions.js"/>
	    </resource>
	</resources>
</manifest>
