<?xml version="1.0" encoding="utf-8"?>
<manifest identifier="_6CTjdlNf2rR_course_id" version="1.0" xmlns="http://www.imsproject.org/xsd/imscp_rootv1p1p2" xmlns:adlcp="http://www.adlnet.org/xsd/adlcp_rootv1p2" xmlns:xsi="http://www.w3.org/2001/XMLSchema-instance" xsi:schemaLocation="http://www.imsproject.org/xsd/imscp_rootv1p1p2 imscp_rootv1p1p2.xsd http://www.imsglobal.org/xsd/imsmd_rootv1p2p1 imsmd_rootv1p2p1.xsd http://www.adlnet.org/xsd/adlcp_rootv1p2 adlcp_rootv1p2.xsd">
	<metadata>
		<schema>ADL SCORM</schema>
		<schemaversion>1.2</schemaversion>
		<lom xmlns="http://www.imsglobal.org/xsd/imsmd_rootv1p2p1" xmlns:xsi="http://www.w3.org/2001/XMLSchema-instance" xsi:schemaLocation="http://www.imsglobal.org/xsd/imsmd_rootv1p2p1 imsmd_rootv1p2p1.xsd">
			<general>
				<title>
					<langstring xml:lang="x-none">Game Line</langstring>
				</title>
				<description>
					<langstring xml:lang="x-none">Practice Activity for Module
Keywords: Game Line</langstring>
				</description>
				<keyword>
				  	<langstring xml:lang="x-none">Game Symbol</langstring>
        			</keyword>
			</general>
			<lifecycle>
				<version>
					<langstring xml:lang="x-none">1</langstring>
				</version>
				<status>
					<source>
						<langstring xml:lang="x-none">LOMv1.0</langstring>
					</source>
					<value>
						<langstring xml:lang="x-none">Final</langstring>
					</value>
				</status>
			</lifecycle>
			<metametadata>
				<metadatascheme>ADL SCORM 1.2</metadatascheme>
			</metametadata>
			<educational>
				<typicallearningtime>
					<datetime>PT0H0M0S</datetime>
				</typicallearningtime>
			</educational>
			<rights>
				<cost>
					<source>
						<langstring xml:lang="x-none">LOMv1.0</langstring>
					</source>
					<value>
						<langstring xml:lang="x-none">yes</langstring>
					</value>
				</cost>
				<copyrightandotherrestrictions>
					<source>
						<langstring xml:lang="x-none">LOMv1.0</langstring>
					</source>
					<value>
						<langstring xml:lang="x-none">yes</langstring>
					</value>
				</copyrightandotherrestrictions>
			</rights>
		</lom>
	</metadata>
	<organizations default="Game_Line_ORG">
		<organization identifier="Game_Line_ORG">
			<title>Game Line</title>
			<item identifier="ejemplo_4_cuadros_SCO" isvisible="true" identifierref="__6CTjdlNf2rR_course_id_RES">
				<title>Game Line</title>
				<adlcp:masteryscore>80</adlcp:masteryscore>
			</item>
		</organization>
	</organizations>
	<resources>
	    <resource identifier="__6CTjdlNf2rR_course_id_RES" type="webcontent" href="index_lms.html" adlcp:scormtype="sco">
		<file href="story_content/thumbnail.jpg"/>
<file href="story_content/6MYai2s879i_80_DX636_DY636.swf"/>
<file href="mobile/6MYai2s879i_80_DX636_DY636_CX318_CY300.png"/>
<file href="story_content/5sbn48J45Iq_X_80_DX1274_DY1274.swf"/>
<file href="mobile/5sbn48J45Iq_X_80_DX1274_DY1274_CX589_CY926.png"/>
<file href="story_content/6XOciL5dM38_X_80_B14_C14_P_0_81_600_202_DX816_DY816.swf"/>
<file href="mobile/6XOciL5dM38_X_80_B14_C14_P_0_81_600_202_DX816_DY816_CX600_CY202.png"/>
<file href="story_content/6pUfS5gKTTh_X_80_P_0_0_628_1002_DX1298_DY1298.swf"/>
<file href="mobile/6pUfS5gKTTh_X_80_P_0_0_628_1002_DX1298_DY1298_CX286_CY456.png"/>
<file href="story_content/txt__default_6kJJBlLdGW5.swf"/>
<file href="story_content/txt__default_6OVh6HZ5SiQ.swf"/>
<file href="story_content/txt__default_5btz9BkwHFa.swf"/>
<file href="story_content/txt__default_5umv9jwNggc.swf"/>
<file href="story_content/txt__default_5jncYNlCiGi.swf"/>
<file href="story_content/txt__default_6JPte7lR0yt.swf"/>
<file href="story_content/txt__default_6EQ5wWm7dk9.swf"/>
<file href="story_content/txt__default_5gZO8abtJCT.swf"/>
<file href="story_content/txt__default_6671D0lc000.swf"/>
<file href="story_content/txt__default_628TfSApBiD.swf"/>
<file href="story_content/txt__default_6NykPQbVmq5.swf"/>
<file href="story_content/txt__default_6YkM7dtzl1u.swf"/>
<file href="story_content/report.html"/>
<file href="story_content/6EmZShdLiZR_80_DX1442_DY1442.jpg"/>
<file href="mobile/6EmZShdLiZR_80_DX1442_DY1442_CX814_CY612.jpg"/>
<file href="story_content/65iva5uS1WF_80_P_0_0_726_1115_DX1064_DY1064.swf"/>
<file href="mobile/65iva5uS1WF_80_P_0_0_726_1115_DX1064_DY1064_CX283_CY435.png"/>
<file href="story_content/6P91m2BB5zd_80_P_0_0_989_1039_DX1142_DY1142.swf"/>
<file href="mobile/6P91m2BB5zd_80_P_0_0_989_1039_DX1142_DY1142_CX382_CY401.png"/>
<file href="meta.xml"/>
<file href="story_content/FontFactory.swf"/>
<file href="story_content/fonts.swf"/>
<file href="story_content/frame.xml"/>
<file href="story_content/frame.json"/>
<file href="story_content/user.js"/>
<file href="mobile/txt__default_6kJJBlLdGW5.png"/>
<file href="mobile/txt__default_6OVh6HZ5SiQ.png"/>
<file href="mobile/txt__default_5btz9BkwHFa.png"/>
<file href="mobile/txt__default_5umv9jwNggc.png"/>
<file href="mobile/txt__default_5jncYNlCiGi.png"/>
<file href="mobile/txt__default_6JPte7lR0yt.png"/>
<file href="mobile/txt__default_6EQ5wWm7dk9.png"/>
<file href="mobile/txt__default_5gZO8abtJCT.png"/>
<file href="mobile/txt__default_6671D0lc000.png"/>
<file href="mobile/txt__default_628TfSApBiD.png"/>
<file href="mobile/txt__default_6NykPQbVmq5.png"/>
<file href="mobile/txt__default_6YkM7dtzl1u.png"/>
<file href="story.swf"/>
<file href="story_content/frame.swf"/>
<file href="story_content/slides/6h0Wx5QOGng.swf"/>
<file href="story_content/slides/5vidhkKwcfm.swf"/>
<file href="story_content/slides/6ToT4HGTmDy.swf"/>
<file href="story_content/slides/5okssBhm5yK.swf"/>
<file href="story_content/slides/5imiYAgB30I.swf"/>
<file href="story_content/data.swf"/>
<file href="html5/data/css/output.min.css"/>
<file href="html5/data/js/5imiYAgB30I.js"/>
<file href="html5/data/js/5okssBhm5yK.js"/>
<file href="html5/data/js/5vidhkKwcfm.js"/>
<file href="html5/data/js/6h0Wx5QOGng.js"/>
<file href="html5/data/js/6ToT4HGTmDy.js"/>
<file href="html5/data/js/data.js"/>
<file href="html5/data/js/frame.js"/>
<file href="html5/data/js/paths.js"/>
<file href="html5/lib/scripts/app.min.js"/>
<file href="html5/lib/stylesheets/main.min.css"/>
<file href="html5/lib/stylesheets/mobile-fonts/open-sans-bold.woff"/>
<file href="html5/lib/stylesheets/mobile-fonts/open-sans-light.woff"/>
<file href="html5/lib/stylesheets/mobile-fonts/open-sans-regular.woff"/>
<file href="story.html"/>
<file href="story_flash.html"/>
<file href="story_html5.html"/>
<file href="story_content/blank.html"/>
<file href="story_content/story.js"/>
<file href="index_lms.html"/>
<file href="index_lms_html5.html"/>
<file href="index_lms_flash.html"/>
<file href="lms/AICCComm.html"/>
<file href="lms/AICCFunctions.js"/>
<file href="lms/API.js"/>
<file href="lms/APIConstants.js"/>
<file href="lms/blank.html"/>
<file href="lms/browsersniff.js"/>
<file href="lms/Configuration.js"/>
<file href="lms/goodbye.html"/>
<file href="lms/lms.js"/>
<file href="lms/LMSAPI.js"/>
<file href="lms/NONEFunctions.js"/>
<file href="lms/SCORM2004Functions.js"/>
<file href="lms/SCORMFunctions.js"/>
<file href="lms/UtilityFunctions.js"/>
	    </resource>
	</resources>
</manifest>
