﻿<?xml version="1.0" encoding="utf-8"?><meta xmlns:xsi="http://www.w3.org/2001/XMLSchema-instance" xmlns:xsd="http://www.w3.org/2001/XMLSchema"><project id="5Ze3E78MrHF" courseid="6RznwuSFy4J_course_id" thumburl="story_content/thumbnail.jpg" title="Rooms Division 2.4.1" datepublished="2017-08-20T02:09:21" version="1.0.0.0" flashdata="story_content/data.swf" html5data="mobile/data.json" mobiledata="mobile/data.gz" enabledownload="false" duration="About 1 minute" totalaudio="0" totalvideo="0"><description>Practice Activity for Module
Keywords: Rooms Division</description><keywords>Rooms Division</keywords><slidemeta moniker="slide" monikerplural="slides" viewslides="17" slidecountdescription="17 slides" /><author name="Miami Dade College" email="mdcinfo@mdc.edu" website="http://www.mdc.edu/" /><application name="Articulate Storyline" version="3.7.12674.0" xmlversion="4.0" /></project></meta>