<?xml version="1.0" encoding="utf-8"?>
<manifest identifier="_6TXNdOk9tT8_course_id" version="1.0" xmlns="http://www.imsproject.org/xsd/imscp_rootv1p1p2" xmlns:adlcp="http://www.adlnet.org/xsd/adlcp_rootv1p2" xmlns:xsi="http://www.w3.org/2001/XMLSchema-instance" xsi:schemaLocation="http://www.imsproject.org/xsd/imscp_rootv1p1p2 imscp_rootv1p1p2.xsd http://www.imsglobal.org/xsd/imsmd_rootv1p2p1 imsmd_rootv1p2p1.xsd http://www.adlnet.org/xsd/adlcp_rootv1p2 adlcp_rootv1p2.xsd">
	<metadata>
		<schema>ADL SCORM</schema>
		<schemaversion>1.2</schemaversion>
		<lom xmlns="http://www.imsglobal.org/xsd/imsmd_rootv1p2p1" xmlns:xsi="http://www.w3.org/2001/XMLSchema-instance" xsi:schemaLocation="http://www.imsglobal.org/xsd/imsmd_rootv1p2p1 imsmd_rootv1p2p1.xsd">
			<general>
				<title>
					<langstring xml:lang="x-none">Rooms Division 4.2.2</langstring>
				</title>
				<description>
					<langstring xml:lang="x-none">Practice Activity for Module
Keywords: Rooms Division</langstring>
				</description>
				<keyword>
				  	<langstring xml:lang="x-none">Rooms Division</langstring>
        			</keyword>
			</general>
			<lifecycle>
				<version>
					<langstring xml:lang="x-none">1</langstring>
				</version>
				<status>
					<source>
						<langstring xml:lang="x-none">LOMv1.0</langstring>
					</source>
					<value>
						<langstring xml:lang="x-none">Final</langstring>
					</value>
				</status>
			</lifecycle>
			<metametadata>
				<metadatascheme>ADL SCORM 1.2</metadatascheme>
			</metametadata>
			<educational>
				<typicallearningtime>
					<datetime>PT0H0M0S</datetime>
				</typicallearningtime>
			</educational>
			<rights>
				<cost>
					<source>
						<langstring xml:lang="x-none">LOMv1.0</langstring>
					</source>
					<value>
						<langstring xml:lang="x-none">yes</langstring>
					</value>
				</cost>
				<copyrightandotherrestrictions>
					<source>
						<langstring xml:lang="x-none">LOMv1.0</langstring>
					</source>
					<value>
						<langstring xml:lang="x-none">yes</langstring>
					</value>
				</copyrightandotherrestrictions>
			</rights>
		</lom>
	</metadata>
	<organizations default="Rooms_Division_4.2.2_ORG">
		<organization identifier="Rooms_Division_4.2.2_ORG">
			<title>Rooms Division 4.2.2</title>
			<item identifier="Match_the_Following_-_Demo_SCO" isvisible="true" identifierref="__6TXNdOk9tT8_course_id_RES">
				<title>Match the Following - Demo</title>
				<adlcp:masteryscore>80</adlcp:masteryscore>
			</item>
		</organization>
	</organizations>
	<resources>
	    <resource identifier="__6TXNdOk9tT8_course_id_RES" type="webcontent" href="index_lms.html" adlcp:scormtype="sco">
		<file href="story_content/thumbnail.jpg"/>
<file href="story_content/67EnI2Y8qgN_97_DX1912_DY1912.swf"/>
<file href="mobile/67EnI2Y8qgN_97_DX1912_DY1912_CX956_CY669.png"/>
<file href="story_content/5f5JamECizs_X_97_DX976_DY976.swf"/>
<file href="mobile/5f5JamECizs_X_97_DX976_DY976_CX444_CY732.png"/>
<file href="story_content/67EnI2Y8qgN_97_P_176_148_646_259_DX1912_DY1912.swf"/>
<file href="mobile/67EnI2Y8qgN_97_P_176_148_646_259_DX1912_DY1912_CX646_CY260.png"/>
<file href="story_content/txt__default_6PFN64f5FPd.swf"/>
<file href="story_content/txt__default_5bVAdHj169o.swf"/>
<file href="story_content/txt__default_5ikT1SMSQWB.swf"/>
<file href="story_content/txt__default_5qJH78zuh39.swf"/>
<file href="story_content/txt__default_5mBIZ9N9Ve1.swf"/>
<file href="story_content/txt__default_6dwPB5WIMF0.swf"/>
<file href="story_content/txt__default_6clOwUdD3I2.swf"/>
<file href="story_content/txt__default_6LibKRrmHhU.swf"/>
<file href="story_content/txt__default_5a7ds1A7gqw.swf"/>
<file href="story_content/txt__default_6W0rm9SKlpk.swf"/>
<file href="mobile/67EnI2Y8qgN_97_DX1912_DY1912_CX867_CY607.png"/>
<file href="story_content/report.html"/>
<file href="story_content/68AxneYw5JL_97_DX1198_DY1198.swf"/>
<file href="mobile/68AxneYw5JL_97_DX1198_DY1198_CX418_CY897.png"/>
<file href="story_content/6JmeUGyJ65E_97_DX1150_DY1150.swf"/>
<file href="mobile/6JmeUGyJ65E_97_DX1150_DY1150_CX295_CY858.png"/>
<file href="meta.xml"/>
<file href="story_content/FontFactory.swf"/>
<file href="story_content/fonts.swf"/>
<file href="story_content/frame.xml"/>
<file href="story_content/frame.json"/>
<file href="story_content/user.js"/>
<file href="mobile/txt__default_6PFN64f5FPd.png"/>
<file href="mobile/txt__default_5bVAdHj169o.png"/>
<file href="mobile/txt__default_5ikT1SMSQWB.png"/>
<file href="mobile/txt__default_5qJH78zuh39.png"/>
<file href="mobile/txt__default_5mBIZ9N9Ve1.png"/>
<file href="mobile/txt__default_6dwPB5WIMF0.png"/>
<file href="mobile/txt__default_6clOwUdD3I2.png"/>
<file href="mobile/txt__default_6LibKRrmHhU.png"/>
<file href="mobile/txt__default_5a7ds1A7gqw.png"/>
<file href="mobile/txt__default_6W0rm9SKlpk.png"/>
<file href="story.swf"/>
<file href="story_content/frame.swf"/>
<file href="story_content/slides/5fKckFGDVvv.swf"/>
<file href="story_content/slides/5q7wcrHts6P.swf"/>
<file href="story_content/slides/6osVp2BBR3u.swf"/>
<file href="story_content/slides/6izXYUQIc6E.swf"/>
<file href="story_content/slides/68FIMLfC60c.swf"/>
<file href="story_content/data.swf"/>
<file href="html5/data/css/output.min.css"/>
<file href="html5/data/js/5fKckFGDVvv.js"/>
<file href="html5/data/js/5q7wcrHts6P.js"/>
<file href="html5/data/js/68FIMLfC60c.js"/>
<file href="html5/data/js/6izXYUQIc6E.js"/>
<file href="html5/data/js/6osVp2BBR3u.js"/>
<file href="html5/data/js/data.js"/>
<file href="html5/data/js/frame.js"/>
<file href="html5/data/js/paths.js"/>
<file href="html5/lib/scripts/app.min.js"/>
<file href="html5/lib/stylesheets/main.min.css"/>
<file href="html5/lib/stylesheets/mobile-fonts/open-sans-bold.woff"/>
<file href="html5/lib/stylesheets/mobile-fonts/open-sans-light.woff"/>
<file href="html5/lib/stylesheets/mobile-fonts/open-sans-regular.woff"/>
<file href="story.html"/>
<file href="story_flash.html"/>
<file href="story_html5.html"/>
<file href="story_content/blank.html"/>
<file href="story_content/story.js"/>
<file href="index_lms.html"/>
<file href="index_lms_html5.html"/>
<file href="index_lms_flash.html"/>
<file href="lms/AICCComm.html"/>
<file href="lms/AICCFunctions.js"/>
<file href="lms/API.js"/>
<file href="lms/APIConstants.js"/>
<file href="lms/blank.html"/>
<file href="lms/browsersniff.js"/>
<file href="lms/Configuration.js"/>
<file href="lms/goodbye.html"/>
<file href="lms/lms.js"/>
<file href="lms/LMSAPI.js"/>
<file href="lms/NONEFunctions.js"/>
<file href="lms/SCORM2004Functions.js"/>
<file href="lms/SCORMFunctions.js"/>
<file href="lms/UtilityFunctions.js"/>
	    </resource>
	</resources>
</manifest>
