<?xml version="1.0" encoding="utf-8"?>
<manifest identifier="_65NJ9Zr6mVh_course_id" version="1.0" xmlns="http://www.imsproject.org/xsd/imscp_rootv1p1p2" xmlns:adlcp="http://www.adlnet.org/xsd/adlcp_rootv1p2" xmlns:xsi="http://www.w3.org/2001/XMLSchema-instance" xsi:schemaLocation="http://www.imsproject.org/xsd/imscp_rootv1p1p2 imscp_rootv1p1p2.xsd http://www.imsglobal.org/xsd/imsmd_rootv1p2p1 imsmd_rootv1p2p1.xsd http://www.adlnet.org/xsd/adlcp_rootv1p2 adlcp_rootv1p2.xsd">
	<metadata>
		<schema>ADL SCORM</schema>
		<schemaversion>1.2</schemaversion>
		<lom xmlns="http://www.imsglobal.org/xsd/imsmd_rootv1p2p1" xmlns:xsi="http://www.w3.org/2001/XMLSchema-instance" xsi:schemaLocation="http://www.imsglobal.org/xsd/imsmd_rootv1p2p1 imsmd_rootv1p2p1.xsd">
			<general>
				<title>
					<langstring xml:lang="x-none">Rooms Division 4.2.3</langstring>
				</title>
				<description>
					<langstring xml:lang="x-none">Practice Activity for Module
Keywords: Rooms Divises </langstring>
				</description>
				<keyword>
				  	<langstring xml:lang="x-none">Rooms Division</langstring>
        			</keyword>
			</general>
			<lifecycle>
				<version>
					<langstring xml:lang="x-none">1</langstring>
				</version>
				<status>
					<source>
						<langstring xml:lang="x-none">LOMv1.0</langstring>
					</source>
					<value>
						<langstring xml:lang="x-none">Final</langstring>
					</value>
				</status>
			</lifecycle>
			<metametadata>
				<metadatascheme>ADL SCORM 1.2</metadatascheme>
			</metametadata>
			<educational>
				<typicallearningtime>
					<datetime>PT0H0M0S</datetime>
				</typicallearningtime>
			</educational>
			<rights>
				<cost>
					<source>
						<langstring xml:lang="x-none">LOMv1.0</langstring>
					</source>
					<value>
						<langstring xml:lang="x-none">yes</langstring>
					</value>
				</cost>
				<copyrightandotherrestrictions>
					<source>
						<langstring xml:lang="x-none">LOMv1.0</langstring>
					</source>
					<value>
						<langstring xml:lang="x-none">yes</langstring>
					</value>
				</copyrightandotherrestrictions>
			</rights>
		</lom>
	</metadata>
	<organizations default="Rooms_Division_4.2.3_ORG">
		<organization identifier="Rooms_Division_4.2.3_ORG">
			<title>Rooms Division 4.2.3</title>
			<item identifier="LM_1-4_SCO" isvisible="true" identifierref="__65NJ9Zr6mVh_course_id_RES">
				<title>Rooms Division 4.2.3</title>
				<adlcp:masteryscore>80</adlcp:masteryscore>
			</item>
		</organization>
	</organizations>
	<resources>
	    <resource identifier="__65NJ9Zr6mVh_course_id_RES" type="webcontent" href="index_lms.html" adlcp:scormtype="sco">
		<file href="story_content/thumbnail.jpg"/>
<file href="story_content/67EnI2Y8qgN_80_DX1912_DY1912.swf"/>
<file href="mobile/67EnI2Y8qgN_80_DX1912_DY1912_CX956_CY669.png"/>
<file href="story_content/6mTr4huG97X_80_DX1082_DY1082.swf"/>
<file href="mobile/6mTr4huG97X_80_DX1082_DY1082_CX511_CY791.png"/>
<file href="story_content/616AEqATwT1_80_DX990_DY990.swf"/>
<file href="mobile/616AEqATwT1_80_DX990_DY990_CX336_CY742.png"/>
<file href="story_content/5zloh5Eb5Qd_80_DX1086_DY1086.swf"/>
<file href="mobile/5zloh5Eb5Qd_80_DX1086_DY1086_CX328_CY811.png"/>
<file href="story_content/5dBMj0nlZbU_X_80_DX1058_DY1058.swf"/>
<file href="mobile/5dBMj0nlZbU_X_80_DX1058_DY1058_CX408_CY791.png"/>
<file href="story_content/6TyY0ONO021_80_DX1026_DY1026.swf"/>
<file href="mobile/6TyY0ONO021_80_DX1026_DY1026_CX271_CY768.png"/>
<file href="story_content/6F62GIR9OR9_80_DX1054_DY1054.swf"/>
<file href="mobile/6F62GIR9OR9_80_DX1054_DY1054_CX319_CY789.png"/>
<file href="mobile/6mTr4huG97X_80_DX1082_DY1082_CX523_CY810.png"/>
<file href="mobile/67EnI2Y8qgN_80_DX1912_DY1912_CX867_CY607.png"/>
<file href="story_content/report.html"/>
<file href="story_content/6gBYlZScKkI_80_DX1198_DY1198.swf"/>
<file href="mobile/6gBYlZScKkI_80_DX1198_DY1198_CX253_CY896.png"/>
<file href="story_content/5p1vWhIlRTC_80_DX1150_DY1150.swf"/>
<file href="mobile/5p1vWhIlRTC_80_DX1150_DY1150_CX445_CY861.png"/>
<file href="meta.xml"/>
<file href="story_content/FontFactory.swf"/>
<file href="story_content/fonts.swf"/>
<file href="story_content/frame.xml"/>
<file href="story_content/frame.json"/>
<file href="story_content/user.js"/>
<file href="story.swf"/>
<file href="story_content/frame.swf"/>
<file href="story_content/slides/6mZQVZgtvgB.swf"/>
<file href="story_content/slides/5wfXSkaAeS6.swf"/>
<file href="story_content/slides/6dzLqa7w2Un.swf"/>
<file href="story_content/slides/5ZOwm9Tj1Jh.swf"/>
<file href="story_content/slides/5gkmoKM4HVX.swf"/>
<file href="story_content/slides/6RWw5Si45HZ.swf"/>
<file href="story_content/slides/64wyH1DpEbl.swf"/>
<file href="story_content/slides/6HLnWYIF26j.swf"/>
<file href="story_content/slides/614yx5vBbkh.swf"/>
<file href="story_content/slides/6dS9fgpnqgS.swf"/>
<file href="story_content/slides/5qGrebWv8J5.swf"/>
<file href="story_content/slides/6SvcC9oSGSd.swf"/>
<file href="story_content/data.swf"/>
<file href="html5/data/css/output.min.css"/>
<file href="html5/data/js/5gkmoKM4HVX.js"/>
<file href="html5/data/js/5qGrebWv8J5.js"/>
<file href="html5/data/js/5wfXSkaAeS6.js"/>
<file href="html5/data/js/5ZOwm9Tj1Jh.js"/>
<file href="html5/data/js/614yx5vBbkh.js"/>
<file href="html5/data/js/64wyH1DpEbl.js"/>
<file href="html5/data/js/6dS9fgpnqgS.js"/>
<file href="html5/data/js/6dzLqa7w2Un.js"/>
<file href="html5/data/js/6HLnWYIF26j.js"/>
<file href="html5/data/js/6mZQVZgtvgB.js"/>
<file href="html5/data/js/6RWw5Si45HZ.js"/>
<file href="html5/data/js/6SvcC9oSGSd.js"/>
<file href="html5/data/js/data.js"/>
<file href="html5/data/js/frame.js"/>
<file href="html5/data/js/paths.js"/>
<file href="html5/lib/scripts/app.min.js"/>
<file href="html5/lib/stylesheets/main.min.css"/>
<file href="html5/lib/stylesheets/mobile-fonts/open-sans-bold.woff"/>
<file href="html5/lib/stylesheets/mobile-fonts/open-sans-light.woff"/>
<file href="html5/lib/stylesheets/mobile-fonts/open-sans-regular.woff"/>
<file href="story.html"/>
<file href="story_flash.html"/>
<file href="story_html5.html"/>
<file href="story_content/blank.html"/>
<file href="story_content/story.js"/>
<file href="index_lms.html"/>
<file href="index_lms_html5.html"/>
<file href="index_lms_flash.html"/>
<file href="lms/AICCComm.html"/>
<file href="lms/AICCFunctions.js"/>
<file href="lms/API.js"/>
<file href="lms/APIConstants.js"/>
<file href="lms/blank.html"/>
<file href="lms/browsersniff.js"/>
<file href="lms/Configuration.js"/>
<file href="lms/goodbye.html"/>
<file href="lms/lms.js"/>
<file href="lms/LMSAPI.js"/>
<file href="lms/NONEFunctions.js"/>
<file href="lms/SCORM2004Functions.js"/>
<file href="lms/SCORMFunctions.js"/>
<file href="lms/UtilityFunctions.js"/>
	    </resource>
	</resources>
</manifest>
