<?xml version="1.0" encoding="utf-8"?>
<manifest identifier="_67wroCZZ4FO_course_id" version="1.0" xmlns="http://www.imsproject.org/xsd/imscp_rootv1p1p2" xmlns:adlcp="http://www.adlnet.org/xsd/adlcp_rootv1p2" xmlns:xsi="http://www.w3.org/2001/XMLSchema-instance" xsi:schemaLocation="http://www.imsproject.org/xsd/imscp_rootv1p1p2 imscp_rootv1p1p2.xsd http://www.imsglobal.org/xsd/imsmd_rootv1p2p1 imsmd_rootv1p2p1.xsd http://www.adlnet.org/xsd/adlcp_rootv1p2 adlcp_rootv1p2.xsd">
	<metadata>
		<schema>ADL SCORM</schema>
		<schemaversion>1.2</schemaversion>
		<lom xmlns="http://www.imsglobal.org/xsd/imsmd_rootv1p2p1" xmlns:xsi="http://www.w3.org/2001/XMLSchema-instance" xsi:schemaLocation="http://www.imsglobal.org/xsd/imsmd_rootv1p2p1 imsmd_rootv1p2p1.xsd">
			<general>
				<title>
					<langstring xml:lang="x-none">Rooms Division 3.1.1</langstring>
				</title>
				<description>
					<langstring xml:lang="x-none">Practice Activity for Module
Keywords: Rooms Division</langstring>
				</description>
				<keyword>
				  	<langstring xml:lang="x-none">Rooms Division</langstring>
        			</keyword>
			</general>
			<lifecycle>
				<version>
					<langstring xml:lang="x-none">1</langstring>
				</version>
				<status>
					<source>
						<langstring xml:lang="x-none">LOMv1.0</langstring>
					</source>
					<value>
						<langstring xml:lang="x-none">Final</langstring>
					</value>
				</status>
			</lifecycle>
			<metametadata>
				<metadatascheme>ADL SCORM 1.2</metadatascheme>
			</metametadata>
			<educational>
				<typicallearningtime>
					<datetime>PT0H0M0S</datetime>
				</typicallearningtime>
			</educational>
			<rights>
				<cost>
					<source>
						<langstring xml:lang="x-none">LOMv1.0</langstring>
					</source>
					<value>
						<langstring xml:lang="x-none">yes</langstring>
					</value>
				</cost>
				<copyrightandotherrestrictions>
					<source>
						<langstring xml:lang="x-none">LOMv1.0</langstring>
					</source>
					<value>
						<langstring xml:lang="x-none">yes</langstring>
					</value>
				</copyrightandotherrestrictions>
			</rights>
		</lom>
	</metadata>
	<organizations default="Rooms_Division_3.1.1_ORG">
		<organization identifier="Rooms_Division_3.1.1_ORG">
			<title>Rooms Division 3.1.1</title>
			<item identifier="Rooms_Division_3.1.1_SCO" isvisible="true" identifierref="__67wroCZZ4FO_course_id_RES">
				<title>Rooms Division 3.1.1</title>
				<adlcp:masteryscore>80</adlcp:masteryscore>
			</item>
		</organization>
	</organizations>
	<resources>
	    <resource identifier="__67wroCZZ4FO_course_id_RES" type="webcontent" href="index_lms.html" adlcp:scormtype="sco">
		<file href="story_content/thumbnail.jpg"/>
<file href="story_content/67EnI2Y8qgN_80_P_176_148_646_259_DX1912_DY1912.swf"/>
<file href="mobile/67EnI2Y8qgN_80_P_176_148_646_259_DX1912_DY1912_CX646_CY260.png"/>
<file href="story_content/67EnI2Y8qgN_80_DX1912_DY1912.swf"/>
<file href="mobile/67EnI2Y8qgN_80_DX1912_DY1912_CX867_CY607.png"/>
<file href="story_content/report.html"/>
<file href="story_content/6BmfrxgG6GV_80_DX936_DY936.swf"/>
<file href="mobile/6BmfrxgG6GV_80_DX936_DY936_CX439_CY702.png"/>
<file href="story_content/6Ju2gWD5Dui_80_DX1150_DY1150.swf"/>
<file href="mobile/6Ju2gWD5Dui_80_DX1150_DY1150_CX490_CY859.png"/>
<file href="meta.xml"/>
<file href="story_content/FontFactory.swf"/>
<file href="story_content/fonts.swf"/>
<file href="story_content/frame.xml"/>
<file href="story_content/frame.json"/>
<file href="story_content/user.js"/>
<file href="story.swf"/>
<file href="story_content/frame.swf"/>
<file href="story_content/slides/5YOkxPvmnO7.swf"/>
<file href="story_content/slides/5k2NSTwtPHZ.swf"/>
<file href="story_content/slides/6c3kQRrySrG.swf"/>
<file href="story_content/slides/6pbpSIzW0uC.swf"/>
<file href="story_content/slides/6BHzS7a08tB.swf"/>
<file href="story_content/slides/5bRFXzzo8fI.swf"/>
<file href="story_content/slides/6byGKu8JMkE.swf"/>
<file href="story_content/slides/5yJgnNBiwV3.swf"/>
<file href="story_content/slides/5X900yLrlVp.swf"/>
<file href="story_content/slides/6JTE57cxgJx.swf"/>
<file href="story_content/slides/689ExeXjCtN.swf"/>
<file href="story_content/slides/5ZRngzEyrRG.swf"/>
<file href="story_content/data.swf"/>
<file href="html5/data/css/output.min.css"/>
<file href="html5/data/js/5bRFXzzo8fI.js"/>
<file href="html5/data/js/5k2NSTwtPHZ.js"/>
<file href="html5/data/js/5X900yLrlVp.js"/>
<file href="html5/data/js/5yJgnNBiwV3.js"/>
<file href="html5/data/js/5YOkxPvmnO7.js"/>
<file href="html5/data/js/5ZRngzEyrRG.js"/>
<file href="html5/data/js/689ExeXjCtN.js"/>
<file href="html5/data/js/6BHzS7a08tB.js"/>
<file href="html5/data/js/6byGKu8JMkE.js"/>
<file href="html5/data/js/6c3kQRrySrG.js"/>
<file href="html5/data/js/6JTE57cxgJx.js"/>
<file href="html5/data/js/6pbpSIzW0uC.js"/>
<file href="html5/data/js/data.js"/>
<file href="html5/data/js/frame.js"/>
<file href="html5/data/js/paths.js"/>
<file href="html5/lib/scripts/app.min.js"/>
<file href="html5/lib/stylesheets/main.min.css"/>
<file href="html5/lib/stylesheets/mobile-fonts/open-sans-bold.woff"/>
<file href="html5/lib/stylesheets/mobile-fonts/open-sans-light.woff"/>
<file href="html5/lib/stylesheets/mobile-fonts/open-sans-regular.woff"/>
<file href="story.html"/>
<file href="story_flash.html"/>
<file href="story_html5.html"/>
<file href="story_content/blank.html"/>
<file href="story_content/story.js"/>
<file href="index_lms.html"/>
<file href="index_lms_html5.html"/>
<file href="index_lms_flash.html"/>
<file href="lms/AICCComm.html"/>
<file href="lms/AICCFunctions.js"/>
<file href="lms/API.js"/>
<file href="lms/APIConstants.js"/>
<file href="lms/blank.html"/>
<file href="lms/browsersniff.js"/>
<file href="lms/Configuration.js"/>
<file href="lms/goodbye.html"/>
<file href="lms/lms.js"/>
<file href="lms/LMSAPI.js"/>
<file href="lms/NONEFunctions.js"/>
<file href="lms/SCORM2004Functions.js"/>
<file href="lms/SCORMFunctions.js"/>
<file href="lms/UtilityFunctions.js"/>
	    </resource>
	</resources>
</manifest>
