<?xml version="1.0" encoding="utf-8"?>
<manifest identifier="_676FqlZ54Tm_course_id" version="1.0" xmlns="http://www.imsproject.org/xsd/imscp_rootv1p1p2" xmlns:adlcp="http://www.adlnet.org/xsd/adlcp_rootv1p2" xmlns:xsi="http://www.w3.org/2001/XMLSchema-instance" xsi:schemaLocation="http://www.imsproject.org/xsd/imscp_rootv1p1p2 imscp_rootv1p1p2.xsd http://www.imsglobal.org/xsd/imsmd_rootv1p2p1 imsmd_rootv1p2p1.xsd http://www.adlnet.org/xsd/adlcp_rootv1p2 adlcp_rootv1p2.xsd">
	<metadata>
		<schema>ADL SCORM</schema>
		<schemaversion>1.2</schemaversion>
		<lom xmlns="http://www.imsglobal.org/xsd/imsmd_rootv1p2p1" xmlns:xsi="http://www.w3.org/2001/XMLSchema-instance" xsi:schemaLocation="http://www.imsglobal.org/xsd/imsmd_rootv1p2p1 imsmd_rootv1p2p1.xsd">
			<general>
				<title>
					<langstring xml:lang="x-none">Game Wood</langstring>
				</title>
				<description>
					<langstring xml:lang="x-none">Game Wood</langstring>
				</description>
				<keyword>
				  	<langstring xml:lang="x-none">Game Wood</langstring>
        			</keyword>
			</general>
			<lifecycle>
				<version>
					<langstring xml:lang="x-none">1</langstring>
				</version>
				<status>
					<source>
						<langstring xml:lang="x-none">LOMv1.0</langstring>
					</source>
					<value>
						<langstring xml:lang="x-none">Final</langstring>
					</value>
				</status>
			</lifecycle>
			<metametadata>
				<metadatascheme>ADL SCORM 1.2</metadatascheme>
			</metametadata>
			<educational>
				<typicallearningtime>
					<datetime>PT0H0M0S</datetime>
				</typicallearningtime>
			</educational>
			<rights>
				<cost>
					<source>
						<langstring xml:lang="x-none">LOMv1.0</langstring>
					</source>
					<value>
						<langstring xml:lang="x-none">yes</langstring>
					</value>
				</cost>
				<copyrightandotherrestrictions>
					<source>
						<langstring xml:lang="x-none">LOMv1.0</langstring>
					</source>
					<value>
						<langstring xml:lang="x-none">yes</langstring>
					</value>
				</copyrightandotherrestrictions>
			</rights>
		</lom>
	</metadata>
	<organizations default="Game_Wood_ORG">
		<organization identifier="Game_Wood_ORG">
			<title>Game Wood</title>
			<item identifier="ejemplo_4_cuadros_SCO" isvisible="true" identifierref="__676FqlZ54Tm_course_id_RES">
				<title>Game Wood</title>
				<adlcp:masteryscore>80</adlcp:masteryscore>
			</item>
		</organization>
	</organizations>
	<resources>
	    <resource identifier="__676FqlZ54Tm_course_id_RES" type="webcontent" href="index_lms.html" adlcp:scormtype="sco">
		<file href="story_content/thumbnail.jpg"/>
<file href="story_content/6MYai2s879i_80_DX636_DY636.swf"/>
<file href="mobile/6MYai2s879i_80_DX636_DY636_CX318_CY300.png"/>
<file href="story_content/6PoWIn9X1gx_80_DX1200_DY1200.swf"/>
<file href="mobile/6PoWIn9X1gx_80_DX1200_DY1200_CX600_CY444.png"/>
<file href="story_content/5lP7oP7MSMs_X_80_DX608_DY608.swf"/>
<file href="mobile/5lP7oP7MSMs_X_80_DX608_DY608_CX211_CY456.png"/>
<file href="story_content/6PoWIn9X1gx_80_P_0_0_600_259_DX1200_DY1200.swf"/>
<file href="mobile/6PoWIn9X1gx_80_P_0_0_600_259_DX1200_DY1200_CX600_CY260.png"/>
<file href="story_content/5wsSMNlojcQ_80_P_0_0_691_1002_DX1136_DY1136.swf"/>
<file href="mobile/5wsSMNlojcQ_80_P_0_0_691_1002_DX1136_DY1136_CX288_CY417.png"/>
<file href="story_content/txt__default_5kYJNGRFYNG.swf"/>
<file href="story_content/txt__default_6GzNM1KTS7i.swf"/>
<file href="story_content/txt__default_5fpj3pRMPKh.swf"/>
<file href="story_content/txt__default_6hA2J3KCGpC.swf"/>
<file href="story_content/txt__default_6OoImKMh5nH.swf"/>
<file href="story_content/txt__default_5oBu9znwHhG.swf"/>
<file href="story_content/txt__default_5zzt91TitN6.swf"/>
<file href="story_content/txt__default_5npkbLhcAMc.swf"/>
<file href="story_content/txt__default_6UzQwBstf89.swf"/>
<file href="story_content/txt__default_5bNTx1k2h8u.swf"/>
<file href="story_content/txt__default_6LBpLFda4xk.swf"/>
<file href="story_content/txt__default_64vS5KsT5vc.swf"/>
<file href="story_content/txt__default_5x03bs6Jou1.swf"/>
<file href="story_content/txt__default_5aUwoQ3ZiHM.swf"/>
<file href="story_content/6PoWIn9X1gx_80_P_0_59_305_155_DX1200_DY1200.swf"/>
<file href="mobile/6PoWIn9X1gx_80_P_0_59_305_155_DX1200_DY1200_CX305_CY155.png"/>
<file href="story_content/txt__default_5WUVUCp9D4C.swf"/>
<file href="story_content/txt__default_6iKIwJ6UJCH.swf"/>
<file href="story_content/txt__default_5ogPiLjyahw.swf"/>
<file href="story_content/txt__default_5zsJkgWzUUi.swf"/>
<file href="story_content/txt__default_6W4cIQtHKTR.swf"/>
<file href="story_content/txt__default_61h5xJQrZXQ.swf"/>
<file href="story_content/txt__default_6Dl4QhmR28O.swf"/>
<file href="story_content/txt__default_6ofhLsUySwb.swf"/>
<file href="story_content/6PoWIn9X1gx_80_P_0_179_435_264_DX1200_DY1200.swf"/>
<file href="mobile/6PoWIn9X1gx_80_P_0_179_435_264_DX1200_DY1200_CX436_CY264.png"/>
<file href="story_content/txt__default_5l95eQNePe4.swf"/>
<file href="story_content/txt__default_64k70Y2CxUq.swf"/>
<file href="story_content/txt__default_5wRGw87cEmi.swf"/>
<file href="story_content/txt__default_5jxBpqbmaQf.swf"/>
<file href="story_content/txt__default_5WDmrLlCL7A.swf"/>
<file href="story_content/txt__default_621QDbyP2bi.swf"/>
<file href="story_content/txt__default_5jCTumUuIuB.swf"/>
<file href="story_content/txt__default_5ce3IM4C53b.swf"/>
<file href="story_content/6PoWIn9X1gx_80_P_0_179_279_166_DX1200_DY1200.swf"/>
<file href="mobile/6PoWIn9X1gx_80_P_0_179_279_166_DX1200_DY1200_CX280_CY166.png"/>
<file href="story_content/txt__default_5VnLUWerIaN.swf"/>
<file href="story_content/txt__default_6GjnpZhqoeP.swf"/>
<file href="story_content/txt__default_5mGzqa3PXYk.swf"/>
<file href="story_content/txt__default_5pPU1oCdF72.swf"/>
<file href="story_content/txt__default_6fk9ube6UuL.swf"/>
<file href="story_content/txt__default_6o5pyxzfDKy.swf"/>
<file href="story_content/txt__default_6SxSQgFVgEg.swf"/>
<file href="story_content/txt__default_6B30TdLhkjs.swf"/>
<file href="story_content/txt__default_6LQpd2ejgLM.swf"/>
<file href="story_content/txt__default_6evOKanpzV8.swf"/>
<file href="story_content/report.html"/>
<file href="story_content/6EmZShdLiZR_80_DX1442_DY1442.jpg"/>
<file href="mobile/6EmZShdLiZR_80_DX1442_DY1442_CX814_CY612.jpg"/>
<file href="story_content/6R8LZ5mP4l7_80_P_0_0_803_1115_DX1064_DY1064.swf"/>
<file href="mobile/6R8LZ5mP4l7_80_P_0_0_803_1115_DX1064_DY1064_CX313_CY435.png"/>
<file href="story_content/6n6FlwFTINJ_80_P_0_0_755_1039_DX1156_DY1156.swf"/>
<file href="mobile/6n6FlwFTINJ_80_P_0_0_755_1039_DX1156_DY1156_CX321_CY441.png"/>
<file href="meta.xml"/>
<file href="story_content/FontFactory.swf"/>
<file href="story_content/fonts.swf"/>
<file href="story_content/frame.xml"/>
<file href="story_content/frame.json"/>
<file href="story_content/user.js"/>
<file href="mobile/txt__default_5kYJNGRFYNG.png"/>
<file href="mobile/txt__default_6GzNM1KTS7i.png"/>
<file href="mobile/txt__default_5fpj3pRMPKh.png"/>
<file href="mobile/txt__default_6hA2J3KCGpC.png"/>
<file href="mobile/txt__default_6OoImKMh5nH.png"/>
<file href="mobile/txt__default_5oBu9znwHhG.png"/>
<file href="mobile/txt__default_5zzt91TitN6.png"/>
<file href="mobile/txt__default_5npkbLhcAMc.png"/>
<file href="mobile/txt__default_6UzQwBstf89.png"/>
<file href="mobile/txt__default_5bNTx1k2h8u.png"/>
<file href="mobile/txt__default_6LBpLFda4xk.png"/>
<file href="mobile/txt__default_64vS5KsT5vc.png"/>
<file href="mobile/txt__default_5x03bs6Jou1.png"/>
<file href="mobile/txt__default_5aUwoQ3ZiHM.png"/>
<file href="mobile/txt__default_5WUVUCp9D4C.png"/>
<file href="mobile/txt__default_6iKIwJ6UJCH.png"/>
<file href="mobile/txt__default_5ogPiLjyahw.png"/>
<file href="mobile/txt__default_5zsJkgWzUUi.png"/>
<file href="mobile/txt__default_6W4cIQtHKTR.png"/>
<file href="mobile/txt__default_61h5xJQrZXQ.png"/>
<file href="mobile/txt__default_6Dl4QhmR28O.png"/>
<file href="mobile/txt__default_6ofhLsUySwb.png"/>
<file href="mobile/txt__default_5l95eQNePe4.png"/>
<file href="mobile/txt__default_64k70Y2CxUq.png"/>
<file href="mobile/txt__default_5wRGw87cEmi.png"/>
<file href="mobile/txt__default_5jxBpqbmaQf.png"/>
<file href="mobile/txt__default_5WDmrLlCL7A.png"/>
<file href="mobile/txt__default_621QDbyP2bi.png"/>
<file href="mobile/txt__default_5jCTumUuIuB.png"/>
<file href="mobile/txt__default_5ce3IM4C53b.png"/>
<file href="mobile/txt__default_5VnLUWerIaN.png"/>
<file href="mobile/txt__default_6GjnpZhqoeP.png"/>
<file href="mobile/txt__default_5mGzqa3PXYk.png"/>
<file href="mobile/txt__default_5pPU1oCdF72.png"/>
<file href="mobile/txt__default_6fk9ube6UuL.png"/>
<file href="mobile/txt__default_6o5pyxzfDKy.png"/>
<file href="mobile/txt__default_6SxSQgFVgEg.png"/>
<file href="mobile/txt__default_6B30TdLhkjs.png"/>
<file href="mobile/txt__default_6LQpd2ejgLM.png"/>
<file href="mobile/txt__default_6evOKanpzV8.png"/>
<file href="story.swf"/>
<file href="story_content/frame.swf"/>
<file href="story_content/slides/6h0Wx5QOGng.swf"/>
<file href="story_content/slides/5u4wpiN5X3X.swf"/>
<file href="story_content/slides/5sb7GlqxGHt.swf"/>
<file href="story_content/slides/5cWZ0Y8RKiZ.swf"/>
<file href="story_content/slides/6TDrn4GVoyT.swf"/>
<file href="story_content/slides/5imiYAgB30I.swf"/>
<file href="story_content/data.swf"/>
<file href="html5/data/css/output.min.css"/>
<file href="html5/data/js/5cWZ0Y8RKiZ.js"/>
<file href="html5/data/js/5imiYAgB30I.js"/>
<file href="html5/data/js/5sb7GlqxGHt.js"/>
<file href="html5/data/js/5u4wpiN5X3X.js"/>
<file href="html5/data/js/6h0Wx5QOGng.js"/>
<file href="html5/data/js/6TDrn4GVoyT.js"/>
<file href="html5/data/js/data.js"/>
<file href="html5/data/js/frame.js"/>
<file href="html5/data/js/paths.js"/>
<file href="html5/lib/scripts/app.min.js"/>
<file href="html5/lib/stylesheets/main.min.css"/>
<file href="html5/lib/stylesheets/mobile-fonts/open-sans-bold.woff"/>
<file href="html5/lib/stylesheets/mobile-fonts/open-sans-light.woff"/>
<file href="html5/lib/stylesheets/mobile-fonts/open-sans-regular.woff"/>
<file href="story.html"/>
<file href="story_flash.html"/>
<file href="story_html5.html"/>
<file href="story_content/blank.html"/>
<file href="story_content/story.js"/>
<file href="index_lms.html"/>
<file href="index_lms_html5.html"/>
<file href="index_lms_flash.html"/>
<file href="lms/AICCComm.html"/>
<file href="lms/AICCFunctions.js"/>
<file href="lms/API.js"/>
<file href="lms/APIConstants.js"/>
<file href="lms/blank.html"/>
<file href="lms/browsersniff.js"/>
<file href="lms/Configuration.js"/>
<file href="lms/goodbye.html"/>
<file href="lms/lms.js"/>
<file href="lms/LMSAPI.js"/>
<file href="lms/NONEFunctions.js"/>
<file href="lms/SCORM2004Functions.js"/>
<file href="lms/SCORMFunctions.js"/>
<file href="lms/UtilityFunctions.js"/>
	    </resource>
	</resources>
</manifest>
