<?xml version="1.0" encoding="utf-8"?>
<manifest identifier="_5m8RHeknJqc_course_id" version="1.0" xmlns="http://www.imsproject.org/xsd/imscp_rootv1p1p2" xmlns:adlcp="http://www.adlnet.org/xsd/adlcp_rootv1p2" xmlns:xsi="http://www.w3.org/2001/XMLSchema-instance" xsi:schemaLocation="http://www.imsproject.org/xsd/imscp_rootv1p1p2 imscp_rootv1p1p2.xsd http://www.imsglobal.org/xsd/imsmd_rootv1p2p1 imsmd_rootv1p2p1.xsd http://www.adlnet.org/xsd/adlcp_rootv1p2 adlcp_rootv1p2.xsd">
	<metadata>
		<schema>ADL SCORM</schema>
		<schemaversion>1.2</schemaversion>
		<lom xmlns="http://www.imsglobal.org/xsd/imsmd_rootv1p2p1" xmlns:xsi="http://www.w3.org/2001/XMLSchema-instance" xsi:schemaLocation="http://www.imsglobal.org/xsd/imsmd_rootv1p2p1 imsmd_rootv1p2p1.xsd">
			<general>
				<title>
					<langstring xml:lang="x-none">Rooms Division 4.1.1</langstring>
				</title>
				<description>
					<langstring xml:lang="x-none">Practice Activity for Module
Keywords: Rooms Division</langstring>
				</description>
				<keyword>
				  	<langstring xml:lang="x-none">Hotel Industry</langstring>
        			</keyword>
			</general>
			<lifecycle>
				<version>
					<langstring xml:lang="x-none">1</langstring>
				</version>
				<status>
					<source>
						<langstring xml:lang="x-none">LOMv1.0</langstring>
					</source>
					<value>
						<langstring xml:lang="x-none">Final</langstring>
					</value>
				</status>
			</lifecycle>
			<metametadata>
				<metadatascheme>ADL SCORM 1.2</metadatascheme>
			</metametadata>
			<educational>
				<typicallearningtime>
					<datetime>PT0H0M0S</datetime>
				</typicallearningtime>
			</educational>
			<rights>
				<cost>
					<source>
						<langstring xml:lang="x-none">LOMv1.0</langstring>
					</source>
					<value>
						<langstring xml:lang="x-none">yes</langstring>
					</value>
				</cost>
				<copyrightandotherrestrictions>
					<source>
						<langstring xml:lang="x-none">LOMv1.0</langstring>
					</source>
					<value>
						<langstring xml:lang="x-none">yes</langstring>
					</value>
				</copyrightandotherrestrictions>
			</rights>
		</lom>
	</metadata>
	<organizations default="Rooms_Division_4.1.1_ORG">
		<organization identifier="Rooms_Division_4.1.1_ORG">
			<title>Rooms Division 4.1.1</title>
			<item identifier="Rooms_Division__SCO" isvisible="true" identifierref="__5m8RHeknJqc_course_id_RES">
				<title>Rooms Division 4.1.1</title>
				<adlcp:masteryscore>80</adlcp:masteryscore>
			</item>
		</organization>
	</organizations>
	<resources>
	    <resource identifier="__5m8RHeknJqc_course_id_RES" type="webcontent" href="index_lms.html" adlcp:scormtype="sco">
		<file href="story_content/thumbnail.jpg"/>
<file href="story_content/5Zt8ueLkiOu_X_80_DX990_DY990.swf"/>
<file href="mobile/5Zt8ueLkiOu_X_80_DX990_DY990_CX227_CY742.png"/>
<file href="story_content/Shape5ZB3bLoXIQD.swf"/>
<file href="story_content/63uemzRSLhr_X_80_P_0_0_750_1414_DX940_DY940.swf"/>
<file href="mobile/63uemzRSLhr_X_80_P_0_0_750_1414_DX940_DY940_CX258_CY487.png"/>
<file href="story_content/Shape6W0JQ1Qerxa.swf"/>
<file href="story_content/Shape6HIHWatwILf.swf"/>
<file href="story_content/Shape5gSdejoJpwc.swf"/>
<file href="story_content/Shape6cxmEimcEVh.swf"/>
<file href="story_content/Shape5tnTvxO5gmU.swf"/>
<file href="story_content/Shape6a0NE3PQvOQ.swf"/>
<file href="story_content/Shape6JTkPaqpKEj.swf"/>
<file href="story_content/Shape6EUhort8g8Z.swf"/>
<file href="story_content/Shape6bzDCPuoxNG.swf"/>
<file href="story_content/Shape6cZAkkN1ntF.swf"/>
<file href="story_content/Shape6j7XWbAzEss.swf"/>
<file href="story_content/Shape6FyWy8ktjMc.swf"/>
<file href="story_content/Shape6IZgSDcJDZ4.swf"/>
<file href="story_content/Shape69F0EzZnySZ.swf"/>
<file href="story_content/Shape6YIooaEZoJB.swf"/>
<file href="story_content/Shape6rXenvnQqEM.swf"/>
<file href="story_content/Shape5cu3sOK6wo4.swf"/>
<file href="story_content/Shape6nLI97XUHt5.swf"/>
<file href="story_content/Shape6mt7Befuq2O.swf"/>
<file href="story_content/Shape5dMwaaxoP9J.swf"/>
<file href="story_content/Shape6Wb1mXka0Dp.swf"/>
<file href="story_content/Shape5jsmELbPTup.swf"/>
<file href="story_content/Shape6gDhE6yGdTP.swf"/>
<file href="story_content/Shape5knPV1bYEZ4.swf"/>
<file href="story_content/Shape6PYssCqISBi.swf"/>
<file href="story_content/Shape69My7ThCmeT.swf"/>
<file href="story_content/Shape6Lcawcvyo5M.swf"/>
<file href="story_content/Shape684ZyMeKnNI.swf"/>
<file href="story_content/Shape6Bmx017m5Fr.swf"/>
<file href="story_content/Shape6GUFPZ3ATg2.swf"/>
<file href="story_content/Shape6gb0AkzaQ5M.swf"/>
<file href="story_content/Shape6dqxCO2HTGp.swf"/>
<file href="story_content/Shape6SLa0rT68KE.swf"/>
<file href="story_content/Shape6TNYgvO2o3V.swf"/>
<file href="story_content/Shape6OUy9iLTYLL.swf"/>
<file href="story_content/Shape6oVDfOpy5xT.swf"/>
<file href="story_content/Shape5XQ5iyfsNDl.swf"/>
<file href="story_content/Shape6lJHrGwnWYg.swf"/>
<file href="story_content/Shape5kiLnoKFYjU.swf"/>
<file href="story_content/Shape6mbupVi3q8r.swf"/>
<file href="story_content/report.html"/>
<file href="story_content/6qIWVNim9HF_80_DX1190_DY1190.swf"/>
<file href="mobile/6qIWVNim9HF_80_DX1190_DY1190_CX306_CY891.png"/>
<file href="story_content/5v6Z1P0D4m7_80_DX1132_DY1132.swf"/>
<file href="mobile/5v6Z1P0D4m7_80_DX1132_DY1132_CX424_CY848.png"/>
<file href="meta.xml"/>
<file href="story_content/FontFactory.swf"/>
<file href="story_content/fonts.swf"/>
<file href="story_content/frame.xml"/>
<file href="story_content/frame.json"/>
<file href="story_content/user.js"/>
<file href="mobile/Shape5ZB3bLoXIQD.png"/>
<file href="mobile/Shape6W0JQ1Qerxa.png"/>
<file href="mobile/Shape6HIHWatwILf.png"/>
<file href="mobile/Shape5gSdejoJpwc.png"/>
<file href="mobile/Shape6cxmEimcEVh.png"/>
<file href="mobile/Shape5tnTvxO5gmU.png"/>
<file href="mobile/Shape6a0NE3PQvOQ.png"/>
<file href="mobile/Shape6JTkPaqpKEj.png"/>
<file href="mobile/Shape6EUhort8g8Z.png"/>
<file href="mobile/Shape6bzDCPuoxNG.png"/>
<file href="mobile/Shape6cZAkkN1ntF.png"/>
<file href="mobile/Shape6j7XWbAzEss.png"/>
<file href="mobile/Shape6FyWy8ktjMc.png"/>
<file href="mobile/Shape6IZgSDcJDZ4.png"/>
<file href="mobile/Shape69F0EzZnySZ.png"/>
<file href="mobile/Shape6YIooaEZoJB.png"/>
<file href="mobile/Shape6rXenvnQqEM.png"/>
<file href="mobile/Shape5cu3sOK6wo4.png"/>
<file href="mobile/Shape6nLI97XUHt5.png"/>
<file href="mobile/Shape6mt7Befuq2O.png"/>
<file href="mobile/Shape5dMwaaxoP9J.png"/>
<file href="mobile/Shape6Wb1mXka0Dp.png"/>
<file href="mobile/Shape5jsmELbPTup.png"/>
<file href="mobile/Shape6gDhE6yGdTP.png"/>
<file href="mobile/Shape5knPV1bYEZ4.png"/>
<file href="mobile/Shape6PYssCqISBi.png"/>
<file href="mobile/Shape69My7ThCmeT.png"/>
<file href="mobile/Shape6Lcawcvyo5M.png"/>
<file href="mobile/Shape684ZyMeKnNI.png"/>
<file href="mobile/Shape6Bmx017m5Fr.png"/>
<file href="mobile/Shape6GUFPZ3ATg2.png"/>
<file href="mobile/Shape6gb0AkzaQ5M.png"/>
<file href="mobile/Shape6dqxCO2HTGp.png"/>
<file href="mobile/Shape6SLa0rT68KE.png"/>
<file href="mobile/Shape6TNYgvO2o3V.png"/>
<file href="mobile/Shape6OUy9iLTYLL.png"/>
<file href="mobile/Shape6oVDfOpy5xT.png"/>
<file href="mobile/Shape5XQ5iyfsNDl.png"/>
<file href="mobile/Shape6lJHrGwnWYg.png"/>
<file href="mobile/Shape5kiLnoKFYjU.png"/>
<file href="mobile/Shape6mbupVi3q8r.png"/>
<file href="story.swf"/>
<file href="story_content/frame.swf"/>
<file href="story_content/slides/65NyLtZGDfz.swf"/>
<file href="story_content/slides/5sUwboMO6BU.swf"/>
<file href="story_content/slides/6GcAgJnoiYP.swf"/>
<file href="story_content/slides/6eyHu67yaa1.swf"/>
<file href="story_content/slides/5dpkROrm9mg.swf"/>
<file href="story_content/slides/5WWyf8n8Atj.swf"/>
<file href="story_content/slides/5mg7F5Nk1E5.swf"/>
<file href="story_content/slides/5qXWmeciBUR.swf"/>
<file href="story_content/slides/6WlSUU1yvHX.swf"/>
<file href="story_content/slides/6e2IXXlP9Ae.swf"/>
<file href="story_content/slides/5hal1hPFtPx.swf"/>
<file href="story_content/slides/6lFGit30fZi.swf"/>
<file href="story_content/data.swf"/>
<file href="html5/data/css/output.min.css"/>
<file href="html5/data/js/5dpkROrm9mg.js"/>
<file href="html5/data/js/5hal1hPFtPx.js"/>
<file href="html5/data/js/5mg7F5Nk1E5.js"/>
<file href="html5/data/js/5qXWmeciBUR.js"/>
<file href="html5/data/js/5sUwboMO6BU.js"/>
<file href="html5/data/js/5WWyf8n8Atj.js"/>
<file href="html5/data/js/65NyLtZGDfz.js"/>
<file href="html5/data/js/6e2IXXlP9Ae.js"/>
<file href="html5/data/js/6eyHu67yaa1.js"/>
<file href="html5/data/js/6GcAgJnoiYP.js"/>
<file href="html5/data/js/6lFGit30fZi.js"/>
<file href="html5/data/js/6WlSUU1yvHX.js"/>
<file href="html5/data/js/data.js"/>
<file href="html5/data/js/frame.js"/>
<file href="html5/data/js/paths.js"/>
<file href="html5/lib/scripts/app.min.js"/>
<file href="html5/lib/stylesheets/main.min.css"/>
<file href="html5/lib/stylesheets/mobile-fonts/open-sans-bold.woff"/>
<file href="html5/lib/stylesheets/mobile-fonts/open-sans-light.woff"/>
<file href="html5/lib/stylesheets/mobile-fonts/open-sans-regular.woff"/>
<file href="story.html"/>
<file href="story_flash.html"/>
<file href="story_html5.html"/>
<file href="story_content/blank.html"/>
<file href="story_content/story.js"/>
<file href="index_lms.html"/>
<file href="index_lms_html5.html"/>
<file href="index_lms_flash.html"/>
<file href="lms/AICCComm.html"/>
<file href="lms/AICCFunctions.js"/>
<file href="lms/API.js"/>
<file href="lms/APIConstants.js"/>
<file href="lms/blank.html"/>
<file href="lms/browsersniff.js"/>
<file href="lms/Configuration.js"/>
<file href="lms/goodbye.html"/>
<file href="lms/lms.js"/>
<file href="lms/LMSAPI.js"/>
<file href="lms/NONEFunctions.js"/>
<file href="lms/SCORM2004Functions.js"/>
<file href="lms/SCORMFunctions.js"/>
<file href="lms/UtilityFunctions.js"/>
	    </resource>
	</resources>
</manifest>
